{
  "melhor_nome": "Random Forest",
  "acc_treino": 0.7790697674418605,
  "acc_teste": 0.6744186046511628,
  "f1_score": 0.7777777777777778,
  "recall": 0.8166666666666667,
  "precision": 0.7424242424242424,
  "roc_auc": 0.6602564102564102,
  "threshold": 0.45
}